node,type,position,group,education,employer,political party,religion,reference,link,comments
Adrien Bayle,people,Conseiller finances locales,Cohésion des Territoires,"Sciences Po Paris, ENA, HEC",,,,,,
Adrien Caillerez,people,Conseiller technique parlementaire,Premier Ministre,,,Les Républicains,,,,
Agnès Buzyn,people,Ministre des solidarités et de la santé,Santé,,"Haute Autorité de santé, Institut de radioprotection et de sûreté nucléaire",,Judaïsme,,,Grand Orient de France
Agnès Callou,people,Conseillère presse et communication,Cohésion des Territoires,,,Mouvement démocrate,,,,
Agnès Pannier-Runacher,people,Secrétaire d’État auprès du ministre de l’Économie et des Finances,Économie,"Sciences Po Paris, ENA, HEC","Bourbon, Fonds Stratégique d'Investissement, Caisse des dépôts, Crédit Agricole",,,,,
Ahlem Gharbi,people,Conseillère technique Afrique du Nord et Moyen-Orient,Présidence,Sciences Po Paris,Total,,,,,"« elle voyage aux côtés du chercheur et spécialiste du monde arabe Gilles Kepel, sous la direction duquel elle a soutenu son DEA à Sciences-Po Paris entre 2000 et 2001, après une licence d’arabe à la Sorbonne » https://www.jeuneafrique.com/mag/529425/politique/qui-est-ahlem-gharbi-la-conseillere-specialiste-du-monde-arabe/"
Aigline de Ginestous,people,"Conseillère territoires et Parlement, chef de cabinet",Économie,,"Rothschild, Lehman Brothers, Société Générale, Airbus",,,,,
Alain Druelles,people,Conseiller à la formation professionnelle et à l'apprentissage,Travail,,,,,,,
Alain Triolle,people,"Directeur du cabinet, directeur adjoint du cabinet",Action comptes publics,ENA,,,,,,
Albin Heuman,people,Conseiller dialogue social et modernisation,Justice,,,,,,,
Alexandra Ruiz,people,Conseillère affaires réservées,Premier Ministre,,,,,,,
Alexandre Adam,people,Conseiller technique Europe,Présidence,,,,,,,Strasbourgeois ?
Alexandre Brugère,people,Conseiller réforme de l'État et prospective,Action comptes publics,,Eurogroup Consulting,Les Républicains,,,,
Alexis Kohler,people,Secrétaire général de la Présidence,Présidence,"Sciences Po Paris, ENA (promotion Averroès), ESSEC",,Parti socialiste,Judaïsme,442,,
Alexis Zajdenweber,people,"Conseiller économie, finances, industrie",Présidence,"Sciences Po Paris, ENA","Direction générale du Trésor, Agence des participations de l’État",Parti socialiste,Judaïsme,,,
Alice Chocheyras,people,"Conseillère en charge des discours, des relations diplomatiques et des affaires européennes",Sports,,"Mairie de Paris, Mairie de Rouen",Parti socialiste,,,,
Alice Rufo,people,"Conseillère Asie, Russie, Caucase, Turquie, Balkans, Réfugiés",Présidence,"ENS, ENA",,,,,,
Aloïs Kirchner,people,Directeur du cabinet,Économie,"Polytechnique, Corps des mines","Inspection des finances, ESL & Network",,,,,
Amandine Pasquier,people,Conseillère en charge des droits des femmes,Égalité Femmes Hommes,,"État-Major des Armées, Suez",Les Républicains,,,,Pas sûr pour Les Républicains
Amaury Desrivières,people,Aide de camp,Présidence,,,,,,,
Animya N’Tchandy,people,Conseillère parlementaire,Ministère des armées,Sciences Po Paris,,Parti socialiste,,,,
Anna Klarsfeld,people,Conseillère,Porte-parole du gouvernement,"Sciences Po Paris, HEC",The Boston Consulting Group,,Judaïsme,,,
Anna Martins,people,Conseillère en charge de la communication et des relations avec la presse,Relations avec le Parlement,Sciences Po Paris,,Mouvement démocrate,,,,
Anna-Livia Susini-Collomb,people,"Conseillère jeunesse, en charge des relations internationales",Éducation nationale,,,,,,,
Anne Boillon,people,Directrice de cabinet,Affaires étrangères,ENS,,Parti socialiste,,,,
Anne Bronner,people,"Conseillère en charge de la qualité, de la sécurité et de la performance sanitaires de l'alimentation, du bien-être animal et de la lutte contre la maltraitance animale",Agriculture,,,,,,,
Anne Clerc,people,Chef de cabinet,Premier Ministre,,,"Mouvement démocrate, Les Républicains",,,,
Anne de Bayser,people,Secrétaire générale adjointe,Présidence,ENA,,Parti socialiste,,,,
Anne Plaignaud,people,Affaires sociales,Présidence,,,,,,,
Anne Rubinstein,people,Directrice de cabinet,Égalité Femmes Hommes,,La Poste,Parti socialiste,Judaïsme,,,
Anne-Caroline Berthet,people,Chef de Cabinet,Cohésion des Territoires,,,Union des démocrates et indépendants,,,,
Anne-Claire Mialot,people,"Conseillère cohésion des territoires, logement",Présidence,Sciences Po Paris,Cour des comptes,Parti socialiste,,,,
Anne-Solène Roudel,people,Conseillère presse,Travail,,Pôle emploi,Parti socialiste,,,,
Anne-Sophie Barthez,people,Conseillère formations,Enseignement supérieur,,,,,,,
Annick Girardin,people,Ministre des outre-mer,Outre-Mer,,,Parti radical de gauche,,377,,
Anouck Paumard,people,Conseillère presse et communication,Cohésion des Territoires,,"Crédit Municipal de Paris, Mairie de Paris",Parti socialiste,,,,
Antoine Evennou,people,"Chef de cabinet, conseiller vie associative",Éducation nationale,,"Groupe Macif, MGEN, FCPE, UNL, Association Française pour les Nations Unies",,,,,
Antoine Foucher,people,Directeur du cabinet,Travail,Sciences Po Paris,,Les Républicains,,,,
Antoine Pellion,people,"Conseiller énergie, environnement, transports",Présidence,"Mines ParisTech, Corps des Mines, MIT","Enedis, Orano, Total",Parti socialiste,,,,
Antoine Saintoyant,people,"Conseiller économie, finances, industrie (chef de pôle)",Premier Ministre,"Sciences Po Paris, ENA",,,,,,
Antonin Ferri,people,"Conseiller marché intérieur, développement durable et politiques sociales",Affaires européennes,"Mines ParisTech, MIT, ENS",Commission européenne,,,,,
Arnaud Jayet,people,Chef de cabinet,Affaires étrangères,,,Les Républicains,,,,
Arnaud Jolens,people,Image et évènements,Présidence,,Eurydice,,,,,
Arthur Empereur,people,Conseiller en charge de la communication numérique,Intérieur,,,Parti socialiste,,,,
ATTAC,organization,,,,,,,,,
Aude Muscatelli,people,"Directrice adjointe de cabinet, solidarités",Santé,"ENS, ENA",Direction générale de la cohésion sociale,,,,,
Audrey Bourolleau,people,"Conseillère agriculture, pêche, forêt et développement rural",Présidence,,"Vin & Société, Dream Tank, Bic, France Boissons, Baron Philippe de Rothschild",,,,,
Aurélia Lecourtier-Gegout,people,"Conseillère budget, fonction publique, réforme de l'État (chef de pôle)",Premier Ministre,ENA (promotion Léopold Sédar Senghor),,,,,,
Aurélia Schaff,people,Conseillère chargée de l'Europe et des relations internationales,Justice,ENM,,Parti socialiste,,,,
Aurélien Lechevallier,people,Conseiller diplomatique adjoint et G7,Présidence,"Sciences Po Paris, ENA (promotion Léopold Sédar Senghor), HEC",,Parti socialiste,,,,
Aurélien Sebton,people,"Conseiller lien Armées - Nation, mémoire et monde combattant",Ministère des armées,,,Union des démocrates et indépendants,,,,
Aurore Collet,people,"Chef de cabinet, conseillère accompagnement des parcours",Handicapés,,,,,,,
Aymeric Chassaing,people,Conseiller communication et médias,Transports,,,,,,,
Aymeric Lang,people,Chef de cabinet,Transports,,,,,,,
Aymeril Hoang,people,Directeur de cabinet,Numérique,"Société Générale, 360 Capital Partners",,Parti socialiste,,,,
B'nai B'rith,organization,,,,,,,,,
Baptiste Perrissin-Fabert,people,Conseiller économie et finances vertes et économie circulaire,Transition écologique et solidaire,,"France Stratégie, CIRED, Banque Mondiale, CEDD",,,,,
Baptiste Prudhomme,people,Conseiller politique et parlementaire,Affaires étrangères,,,Parti socialiste,,,,
Baptiste Rolland,people,Chef du cabinet civil,Ministère des armées,,"Préfecture de police de Paris, Armée de Terre",,,,,
Barbara Frugier,people,Conseillère communication internationale,Présidence,,"Banque de France, AMF, Publicis",Parti socialiste,,,,
Béatrice Frécenon,people,"Conseillère politique chargée du Parlement, des élus et des territoires",Agriculture,,,Parti socialiste,,,,
Beit Haverim,organization,,,,,,,,,
Benjamin Gallezot,people,Directeur adjoint du cabinet civil et militaire,Ministère des armées,ENS,"Cour des comptes, Direction générale de l'armement",Les Républicains,,,,
Benjamin Griveaux,people,"Secrétaire d'État auprès du Premier ministre, porte-parole du Gouvernement",Porte-parole du gouvernement,"Sciences Po Paris, HEC",,Parti socialiste,,,,
Benjamin Maurice,people,Conseiller social,Transports,,,,,,,
Benoît Bonaimé,people,"Conseiller en charge de l'enseignement agricole, technique et supérieur, de la recherche, de l'innovation et des relations sociales",Agriculture,,,,,,,
Benoît Jourjon,people,Conseiller santé-environnement et risques,Transition écologique et solidaire,Polytechnique,Total,,,,,
Benoît Planchard,people,Conseiller technique parlementaire,Premier Ministre,,,Parti socialiste,,,,
Benoît Ribadeau-Dumas,people,Directeur de cabinet,Premier Ministre,"Polytechnique, ENA (promotion Marc Bloch)","Zodiac Aerospace, CGG, Thales",Les Républicains,,,,
Bernard Moncoucy,people,"Conseiller projets, patrimoine et communication",Ministère des armées,,,,,,,
Bernard Rogel,people,Chef de l'État-major particulier,Présidence,,,Parti socialiste,,,,
Bertrand Sirven,people,Directeur adjoint du cabinet,Économie,Sciences Po Paris,"Havas, Nestlé",Les Républicains,,,,
Brice Blondel,people,Directeur adjoint de cabinet,Outre-Mer,ENA,Cour des comptes,,,,,
Brune Poirson,people,"Secrétaire d'État auprès du ministre d'État, ministre de la Transition écologique et solidaire",Transition écologique et solidaire,"Harvard, LSE","People for Global Transformation, Veolia, Agence Française de Développement, Nesta",,,,,
Bruno Ferreira,people,"Directeur adjoint de cabinet chargé de la réforme de la politique agricole commune, des relations diplomatiques et de l'agro-écologie",Agriculture,,,Parti socialiste,,,,
Bruno Le Maire,people,Ministre de l'économie et des finances,Économie,"Sciences Po Paris, ENA (promotion Valmy), ENS",,Les Républicains,,267,,
Bruno Roger-Petit,people,"Conseiller, porte-parole",Présidence,Sciences Po Paris,"France Télévisions, BFM, L'Obs",Parti socialiste,,,,
Carnegie Foundation,organization,,,,,,,,,
Caroline Krykwinski,people,Directrice adjointe du cabinet,Action comptes publics,ENA,Cour des comptes,,,,,
Catherine Lallement,people,"Conseillère auprès de la ministre, chargée de la communication et des relations avec la presse",Sports,,,,,,,
Catherine Petit,people,Directrice de cabinet,Égalité Femmes Hommes,,,,,,,
Cécile Collin,people,"Chef de cabinet, conseillère auprès du ministre",Action comptes publics,,"Havas, CSC",Les Républicains,,,,
Cédric O,people,Conseiller technique participations et économie numérique,Premier Ministre,HEC,Safran,Parti socialiste,,,,
Célia Cauquil-Tellechea,people,Conseillère technique parlementaire,Premier Ministre,,,Parti socialiste,,,,
Charles Hufnagel,people,Conseiller communication,Premier Ministre,Sciences Po Paris,"Orano, Saint-Gobain",Les Républicains,,,,
Charles Sitzenstuhl,people,Conseiller politique,Économie,Sciences Po Paris,,,,,,
Charles-Henri Weymuller,people,Conseiller technique macro-économie [et politiques commerciales],Premier Ministre,"Polytechnique, Mines ParisTech, Harvard","FMI, PSA, Morgan Stanley, FED",,,,,
Charlotte Caubel,people,Conseillère justice (chef de pôle),Premier Ministre,"ENM, Sciences Po Paris",Tracfin,,,,,
Charlotte Locquet,people,Conseillère technique chargée des affaires réservées et des déplacements,Action comptes publics,,,Les Républicains,,,,
Charlotte Mailly,people,"Chef de cabinet adjointe, chef du secrétariat particulier",Premier Ministre,,Hubert Védrine Conseil,Les Républicains,,,,
Christelle Dernon,people,Chef adjointe de cabinet et chef de cabinet,Santé,,Burson-Marsteller,,,,,
Christelle Dubos,people,Secrétaire d'État auprès de la ministre des Solidarités et de la Santé,Santé,,,,,,,
Christophe Castaner,people,Ministre de l’Intérieur,Intérieur,,,Parti socialiste,,,,
Christophe Guérin-Linxe,people,"Chef de cabinet, conseiller en charge des relations avec le Parlement, de la communication et de la presse",Action comptes publics,,,Parti socialiste,,,,
Christophe Kerrero,people,Directeur du cabinet,Éducation nationale,,,Les Républicains,,,,
Christophe Pacohil,people,Chef de Cabinet,Éducation nationale,,ESSEC,Les Républicains,,,,
Christophe Pourreau,people,"Conseiller fiscalité, concurrence et consommation",Économie,"HEC, Sciences Po Paris, ENA",Conseil d'Etat,Les Républicains,,,,
Claire Scotton,people,Directeur du cabinet adjointe,Travail,"ENA, Sciences Po Paris, ENS","Direction générale du Travail, Sécurité Sociale, Inspection Générale des Affaires Sociales",,,,,
Clara Koenig,people,Conseillère,Porte-parole du gouvernement,"Sciences Po Paris, HEC",,,,,,
Claudia Ferrazzi,people,Conseillère culture et communication,Présidence,ENA,"Académie de France à Rome - Villa Médicis, Musée du Louvre, The Boston Consulting Group, Capgemini",,,,,
Clémence Lecœur,people,"Conseillère auprès du ministre, en charge des relations avec le Parlement",Intérieur,,,Parti socialiste,,,,
Clément Beaune,people,Conseiller Europe et G20,Présidence,"Sciences Po Paris, ENA",Groupe ADP,Parti socialiste,,,,
Clotilde Durand,people,Conseillère,Santé,"ESSEC, ENA (promotion Jean de la Fontaine)",,,,,,
Confrontations Europe,organization,,,,,,,,,
Constance Bensussan,people,"Conseillère technique inclusion, égalité femmes hommes et citoyenneté",Premier Ministre,"Sciences Po Paris, ENA, Lomonosov","LCL, DILCRA",,Judaïsme,,,
Constance Jacquin,people,"Conseillère auprès du ministre en charge des Relations avec le Parlement et les Élus, du Développement et de la Solidarité internationale",Affaires étrangères,,,Les Républicains,,,,
Constantin De Salvatore,people,Conseiller,Porte-parole du gouvernement,,,Parti socialiste,,,,
CRIF,organization,,,,,,,,,
Cyril Mourin,people,"Conseiller sport, JO 2024, engagement associatif",Présidence,,,Parti socialiste,,,,
Damien Cazé,people,"Conseiller écologie, transports, énergie, logement et agriculture (chef de pôle)",Premier Ministre,"ENA, ESSEC, Sciences Po Paris",,,,,,
Daniel Zielinski,people,Conseiller technique jeunesse et sports,Premier Ministre,,,Parti socialiste,,,,
David Amiel,people,Conseiller,Présidence,ENS,,Parti socialiste,Judaïsme,,,
David Cavaillolès,people,"Conseiller budgétaire, industrie et spatial",Enseignement supérieur,"Polytechnique, Corps des Mines","Inspection générale des finances, Autorité de contrôle prudentiel et de résolution, AXA",,,,,
David Knecht,people,Conseiller budgétaire et numérique,Éducation nationale,,,,,,,Nom alsacien ?
David Philot,people,Directeur du cabinet,Cohésion des Territoires,ENA (promotion Copernic),,"Les Républicains, Parti socialiste",,,,
Deborah De Lieme Abisror,people,"Chef de cabinet, chargée des relations avec le Parlement",Transition écologique et solidaire,,ADDL Consulting,,Judaïsme,,,
Déborah Münzer,people,"Conseillère en charge de l’action territoriale, de l’éducation artistique et culturelle, de l’enseignement supérieur et de la recherche",Culture,ESSEC,"Mairie de Paris, BAC Films, Assouline Publishing",Les Républicains,Judaïsme,429,,
Delphine Besson,people,Conseillère technique parlementaire,Premier Ministre,,,Les Républicains,,,,
Diane Simiu,people,Conseillère technique écologie,Présidence,"Polytechnique, Berkeley","ICF, PricewaterhouseCoopers",,,,,
Didier Calizzano,people,Télécommunications et Informatique,Présidence,,Direction générale des douanes,,,,,
Didier Guillaume,people,Ministre de l'agriculture et de l'alimentation,Agriculture,,,Parti socialiste,,,,
Dimitri Lucas,people,Conseiller presse et communication,Économie,,,Les Républicains,,,,
Dominique Gombert,people,Directeur du cabinet,Transition écologique et solidaire,Corps des Mines,ANSES,,,,,
Edouard Montchamp,people,Conseiller chargé de la presse et de la communication,Santé,,"Havas, Total",,,,,
Édouard Philippe,people,Premier Ministre,Premier Ministre,"Sciences Po Paris, ENA (promotion Marc Bloch)",Orano,Les Républicains,,,,
Édouard Solier,people,"Conseiller technique, discours",Premier Ministre,"HEC, Sciences Po Paris",,Les Républicains,,,,
Éléonore Leprettre,people,Chef adjointe de cabinet,Relations avec le Parlement,,France Télévisions,Mouvement démocrate,,,,
Eléonore Peyrat,people,Conseillère affaires européennes et internationales,Économie,"Sciences Po Paris, Université Harvard, ENA (promotion Jean Zay)","Inspection des finances, Attali & Associés, Banque mondiale, Airbus, Commission européenne",,,,,
Elisabeth Borne,people,"Ministre auprès du ministre d'État, ministre de la Transition écologique et solidaire, chargée des Transports",Transports,Polytechnique,"SNCF, EIFFAGE, Mairie de Paris, RATP",Parti socialiste,,428,,
Elise Adevah-Poeuf,people,Directeur adjointe de cabinet,Relations avec le Parlement,Sciences Po Paris,,,,,,
Elizabeth Dobelle,people,Protocole,Présidence,,,,,,,
Emmanuel Bonne,people,Directeur de cabinet,Affaires étrangères,,,Parti socialiste,,,,
Emmanuel Lenain,people,Conseiller diplomatique (chef de pôle),Premier Ministre,"ENA, ESSEC, Sciences Po Paris",,,,,,Young leaders 2010
Emmanuel Macron,people,Président de la République,Présidence,ENA (promotion Léopold Sédar Senghor),Rothschild & Cie,Parti socialiste,,,,
Emmanuel Miquel,people,"Conseiller entreprise, attractivité et export",Présidence,"HEC, Sciences Po Paris","BC Partners,  Paribas, JPMorgan Chase",,,,,
Emmanuel Monnet,people,Conseiller financement de l'économie,Économie,"Sciences Po Paris, ENS, ENA","Direction générale du Trésor, Inspection générale des finances, Commission européenne",,,,,
Emmanuel Moulin,people,Directeur du cabinet,Économie,"Sciences Po Paris, ENA, ESSEC","Mediobanca, Banque mondiale, Citigroup, Groupe Eurotunnel, Club de Paris",Les Républicains,,,,
Emmanuelle Bochenek-Puren,people,Conseillère chargée de la coordination des politiques de la justice,Justice,ENM,,,,,,
Emmanuelle Wargon,people,"Secrétaire d’État auprès du ministre d’État, ministre de la Transition écologique et solidaire",Transition écologique et solidaire,"ENA, HEC, Sciences Po Paris","Cour des comptes, Danone, ANSM",Parti socialiste,Judaïsme,,,
En temps réel,organization,,,,,,,,,
Éric Bio-Farina,people,"Commandant militaire, correspondant de défense et de sécurité",Présidence,,,,,,,
Eric Cayol,people,"Chef de cabinet, chargé de l'éducation",Outre-Mer,,,,,,,
Eric Jalon,people,Conseiller affaires intérieures (chef de pôle) ,Premier Ministre,"ENA (promotion Valmy), ENS",,Les Républicains,,,,
Eric Lucas,people,Directeur du cabinet,Ministère des armées,Sciences Po Paris,DMPA,Parti socialiste,,,,
Eric Thiers,people,Conseiller spécial en charge des questions constitutionnelles,Justice,Sciences Po Paris,,,,,,
Étienne de Gonneville,people,Conseiller affaires stratégiques,Présidence,,,,,,,
Etienne Ranaivoson,people,Conseiller technique affaires européennes,Premier Ministre,,,,,,,
Étienne Stoskopf,people,Directeur adjoint du cabinet et directeur du cabinet,Intérieur,"Sciences Po Paris, ENA (promotion René Cassin)",,Parti socialiste,,,,
European Union of Jewish Students,organization,,,,,,,,,
Eve Zuckerman,people,Conseillère technique communication digitale,Premier Ministre,,"Food & Water Watch, Organizing for Action, 270 Strategies, Democrats Abroad, Le Figaro",Les Républicains,Judaïsme,,,
Evelyne Van den Neste,people,Archives et Information documentaire,Présidence,,,,,,,
Fabien Mandon,people,Adjoint au chef de l’état-major particulier,Présidence,,,,,,,
Fabrice Aubert,people,"Conseiller institutions, action publique et transition numérique",Présidence,"Sciences Po Paris, ENA","Conseil d'Etat, Nexity",,,,,
Fabrice Thibier,people,"Conseiller chargé de l'économie, des entreprises, de l'agriculture et des affaires européennes",Outre-Mer,,EY,,,,,
Fanny Anor,people,Directrice du cabinet et conseillère spéciale,Éducation nationale,ENS,,,,,,
Fanny Demassieux,people,Chef du cabinet,Affaires étrangères,,"UNEP, Agence Française de Développement",Parti socialiste,,,,
Fanny Forest-Baccialone,people,Conseillère parlementaire et relations avec les territoires,Travail,,,Parti socialiste,,,,
Fanny Le Luel,people,Conseillère parlementaire (chef de pôle),Premier Ministre,,,Union des démocrates et indépendants,,,,
Florence Gelot,people,"Conseillère emploi, ressources",Handicapés,,Decathlon,,,,,
Florence Hermite,people,Conseillère technique justice,Premier Ministre,"Sciences Po Paris, LSE",,,,,,
Florence Parly,people,Ministre des armées,Ministère des armées,ENA (promotion Fernand Braudel),"Air France, SNCF",Parti socialiste,,,,
Florence Rognard,people,Conseillère technique parlementaire,Premier Ministre,,,Parti socialiste,,,,
Florian Colas,people,Conseiller,Action comptes publics,"Sciences Po Paris, ENA (promotion Marie Curie)","Wendel, Inspection Générale des Finances, Astrium, Lafarge, Lehman Brothers",,,,,
Florian Humez,people,"Chef de cabinet, Chargé des relations avec la Presse et des Élus",Numérique,,"RCI Bank and Services, Crédit Coopératif, Caisse d'Epargne",Parti socialiste,,,,
Fondation Concorde,organization,,,,,,,,,
Fondation France Israël,organization,,,,,,,,,
Fondation Jean-Jaurès,organization,,,,,,,,,
France China Foundation,organization,,,,,,,,,
France China Foundation,organization,,,,,,,,,
Francis Decoux,people,Conseiller technique relations avec les élus,Premier Ministre,,,"Démocratie Libérale, Les Républicains",,,,
Franck Morel,people,"Conseiller relations sociales, travail, emploi, formation professionnelle",Premier Ministre,"ENA, HEC",,Les Républicains,,,,
Franck Paris,people,Conseiller Afrique,Présidence,ENA (promotion Léopold Sédar Senghor),,Parti socialiste,,,,
Franck Riester,people,Ministre de la culture,Culture,,"EY, Peugeot",Union des démocrates et indépendants,,,,Homosexuel
Franck Von Lennep,people,"Conseiller santé, protection sociale, politiques sociales (chef de pôle)",Premier Ministre,,,,,,,
François Charmont,people,Directeur de cabinet,Relations avec le Parlement,,,Parti socialiste,,,,
François de Rugy,people,"Ministre d'État, ministre de la Transition écologique et solidaire",Transition écologique et solidaire,Sciences Po Paris,,"Parti socialiste, Europe Écologie-Les Verts",,,,
Francois-Antoine Mariani,people,Conseiller technique politiques contractuelles territoriales,Premier Ministre,,,Les Républicains,,,,Pas sûr pour Les Républicains
François-Xavier Lauch,people,Chef de cabinet,Présidence,,,,,,,
Frédéric Jung,people,Conseiller diplomatique,Intérieur,,Représentation Permanente de la France auprès de l'Union Européenne,,,,,
Frédérique Vidal,people,"Ministre de l'enseignement supérieur, de la recherche et de l'innovation",Enseignement supérieur,,,,,,,
French-American Foundation,organization,,,,,,,,,
Gabriel Attal,people,Secrétaire d’État auprès du ministre de l’Éducation nationale et de la Jeunesse,Éducation nationale,Sciences Po Paris,Académie de France à Rome - Villa Médicis,Parti socialiste,Judaïsme,,,
Gaël Veyssière,people,Directeur de cabinet,Affaires européennes,"ESSEC, Sciences Po Paris",,Les Républicains,,,,
Gaëlle Nerbard,people,"Conseillère chargée des affaires sociales, de la santé, de l'emploi, de la jeunesse et des sports",Outre-Mer,,,,,,,
Gaëtan Bruel,people,"Conseiller diplomatie culturelle, influence et francophonie",Affaires étrangères,"ENS, EHESS","Centre des monuments nationaux, Grasset",Parti socialiste,Judaïsme,,,
Geneviève Darrieussecq,people,Secrétaire d'État auprès de la ministre des Armées,Ministère des armées,,,Mouvement démocrate,,,,
Geoffroy Lechevalier,people,Correspondance Présidentielle (par intérim),Présidence,,,,,,,
Gérald Darmanin,people,Ministre de l'action et des comptes publics,Action comptes publics,,,Les Républicains,,420,,
Géraldine Dolléans,people,Conseillère technique discours,Premier Ministre,ENS,,,,,,
Germain Grac-Aubert,people,Conseiller presse et communication,Cohésion des Territoires,,FTI Consulting,Les Républicains,,,,
Gilles Boyer,people,Conseiller auprès du Premier ministre,Premier Ministre,,"Groupe Casino, M6",Les Républicains,,,,
Gilles Lara-Adelaïde,people,Conseiller budgétaire,Ministère des armées,,"Crédit Agricole, Commission européenne",Parti socialiste,,,,
Graig Monetti,people,Conseiller vie étudiante,Enseignement supérieur,,Acadomia,,,,,
Grégoire Devaux,people,Conseiller pour la communication,Ministère des armées,,,Parti socialiste,,,,
Grégoire Dulin,people,Conseiller justice,Intérieur,,,,,,,
Grégoire Koenig,people,Conseiller en charge des relations avec le Parlement et les élus,Transports,,,,,,,
Grégory Emery,people,Conseiller,Santé,,Haute Autorité de Santé,,,,,
Grégory-Hugues Frély,people,Conseiller technique sécurité intérieure,Premier Ministre,,,,,,,Aucune information sur lui en ligne
Groupe Bilderberg,organization,,,,,,,,,
Guillaume Couillard,people,Conseiller technique santé,Premier Ministre,,Sécurité sociale,,,,,
Guillaume Cravero,people,Conseiller diplomatique,Travail,LSE,"BusinessEurope, Lemoci, CFDT, Business France, French-American Chamber of Commerce, Le Point",,,,,
Guillaume Macher,people,"Chef de cabinet, conseiller spécial",Agriculture,,,Parti socialiste,,,,
Guillaume Rauffet,people,Conseiller,Action comptes publics,ENA,,,,,,
Guillaume Rivalland,people,"Chef de cabinet, conseiller affaires réservées",Cohésion des Territoires,,,Les Républicains,,,,
Guillaume Snollaerts,people,"Chef de cabinet, conseiller auprès du ministre en charge de la société civile",Relations avec le Parlement,,,Mouvement démocrate,,,,
Guillem Canneva,people,Conseiller,Transition écologique et solidaire,Polytechnique,,,,,,
Hélène Davo,people,Directrice adjointe du cabinet,Justice,,,,,,,
Hervé Grandjean,people,Conseiller pour les affaires industrielles,Ministère des armées,Polytechnique,Direction générale de l'armement,,,,,
Institut Montaigne,organization,,,,,,,,,
Isabelle Bourhis,people,"Conseillère sociale, partenariats et vie scolaire",Éducation nationale,,SNPDEN-UNSA,,,,,
Isabelle Epaillard,people,Chef adjointe de cabinet du ministre et chef de cabinet,Intérieur,,,,,,,
Isabelle Jourdan,people,Conseillère chargée de la communication et des médias,Santé,,"Association Communication publique, UNEDIC",,,,,
Isabelle Richard,people,Conseillère Santé,Enseignement supérieur,,,,,,,
Ismaël Emelien,people,Conseiller spécial,Présidence,,Havas,Parti socialiste,,,,
Jack Azoulay,people,Directeur du cabinet,Transition écologique et solidaire,"ENA, Sciences Po Paris","Chantiers de l'Atlantique, Naval Group, KNDS, Agence des Participations de l'Etat, Peugeot, La Poste, Docapost, MediaPost, Commission européenne",,Judaïsme,,,
Jacqueline Gourault,people,Ministre de la Cohésion des territoires et des Relations avec les collectivités territoriales,Cohésion des Territoires,,,Mouvement démocrate,,,,
Jacques Billant,people,Directeur de cabinet,Agriculture,,,,,,,
Jacques Fayard,people,Adjoint au chef de l’état-major particulier,Présidence,,"État-Major des Armées, Marine Nationale",,,,,
Jean Salomon,people,Administration et Conservation des Résidences Présidentielles,Présidence,,Brigade de sapeurs-pompiers de Paris,Le nom de famille Salomon est fréquent en Haute-Bretagne...,,,,
Jean-Baptiste Lemoyne,people,Secrétaire d'État auprès du ministre de l'Europe et des Affaires étrangères,Affaires étrangères,ESSEC,IBM Global Services,Les Républicains,,,,
Jean-Baptiste Minato,people,Conseiller technique budget,Premier Ministre,Polytechnique,BNP Paribas,,,,,
Jean-Christophe Perrochon,people,Médecin-chef de la présidence de la République,Présidence,,,,,,,
Jean-Claude Mallet,people,Conseiller spécial du ministre,Affaires étrangères,ENA (promotion Léonard de Vinci),,Parti socialiste,,,,
Jean-Marc Berthon,people,"Conseiller pour les politiques de développement, le climat, la francophonie, les droits de l'Homme et la société civile",Présidence,Sciences Po Paris,,,,,,
Jean-Michel Blanquer,people,Ministre de l'Éducation nationale et de la Jeunesse,Éducation nationale,Sciences Po Paris,ESSEC,Les Républicains,,365,,
Jean-Philippe Bourgoin,people,Conseiller recherche,Enseignement supérieur,ENS,CEA,,,,,
Jean-Philippe Rey,people,Conseiller budgétaire,Sports,,,,,,,
Jean-Yves Le Drian,people,Ministre de l'Europe et des affaires étrangères,Affaires étrangères,,,Parti socialiste,Grand Orient de France,,,
Jennifer Moreau,people,Conseillère technique politiques de développement et climat,Premier Ministre,Sciences Po Paris,"OCDE, Commission européenne",,,,,
Jennifer Pizzicara,people,"Chef de cabinet, en charge des relations avec le Parlement",Économie,,,,,,,
Jérémie Robert,people,"Conseiller Afrique, développement",Affaires étrangères,,,,,,,
Jérôme Fournel,people,Directeur du Cabinet,Action comptes publics,"ENA, HEC",FMI,Les Républicains,,,,
Jérôme Léonnet,people,Coordonnateur adjoint du renseignement et de la lutte contre le terrorisme,Présidence,,,,,,,
Jérôme Masclaux,people,"Directeur adjoint du cabinet et conseiller ville, urbanisme et logement",Cohésion des Territoires,Polytechnique,Mairie de Paris,Parti socialiste,,,,
Jérôme Simon,people,Conseiller politique pénale,Justice,"ENM, Sciences Po Paris",,,,,,
Jérôme Theillier,people,Adjoint au chef de l’état-major particulier,Présidence,,"Marine Nationale, Force navale européenne",,,,,
Jimmy Brun,people,Conseiller technique transports,Premier Ministre,Polytechnique,Commission européenne,,,,,
Jonas Bayard,people,Conseiller presse,Transition écologique et solidaire,,Vae Solis Corporate,Les Républicains,,,,
Jonathan Gindt,people,Conseiller diplomatique,Transports,,,Parti socialiste,,,,
Jonathan Nussbaumer,people,"Conseiller technique industrie, commerce et artisanat",Premier Ministre,"Polytechnique, Mines ParisTech",L'Oréal,,,,,
Julie Creuseveau,people,Conseillère technique presse,Premier Ministre,,,Les Républicains,,,,
Julie Lavet,people,Conseillère spéciale,Cohésion des Territoires,,,Parti socialiste,,,,
Julien Autret,people,"Conseiller affaires parlementaires et législatives, relation avec les élus",Cohésion des Territoires,Sciences Po Paris,,,,,,
Julien Blanc,people,"Conseiller collectivités territoriales, Europe et international",Enseignement supérieur,,,,,,,
Julien Dehornoy,people,Directeur adjoint du cabinet,Transports,Polytechnique,"Banque mondiale, SNCF",,,,,
Julien Denormandie,people,"Ministre auprès de la ministre de la Cohésion des territoires et des Relations avec les collectivités territoriales, chargé de la Ville et du Logement",Cohésion des Territoires,,,Parti socialiste,,437,,
Julien Tassy,people,Communication numérique,Présidence,,Warner Bros,,,,,
Julien Turenne,people,Conseiller technique agriculture,Premier Ministre,,,,,,,
Juliette Part,people,Conseillère aménagement du territoire,Cohésion des Territoires,"Sciences Po Paris, ENA",,,,,,
Justine Coutard,people,Directrice adjointe du cabinet,Action comptes publics,"Sciences Po Paris, ENA","Groupe ADP, Inspection des finances",,,,,
Karen Saranga,people,Conseillère chargée de la communication et de la presse,Justice,,"France Télévisions, L'Express",,,,,
Karim Herida,people,Directeur adjoint du cabinet,Sports,,Mairie de Paris,Parti socialiste,,,,
Koumaran Pajaniradja,people,"Conseiller aménagement, construction, urbanisme et transition énergétique",Cohésion des Territoires,,Météo-France,,,,,
La Fabrique Écologique,organization,,,,,,,,,
Laboratoire de l'égalité,organization,,,,,,,,,
Laetitia Buffet,people,Conseillère,Santé,"ENA, ESSEC, Sciences Po Paris",Cour des comptes,,,,,
Laetitia Cesari-Giordani,people,Conseillère financière et budgétaire,Cohésion des Territoires,ENA,"Direction du Budget, Cour des comptes",,,,,
Laura Chaubard,people,Conseillère innovation,Ministère des armées,Polytechnique,Direction générale de l'armement,,,,,
Laurence Lefèvre,people,Directrice du cabinet,Sports,ENA,"Mairie de Paris, Conseil régional de Picardie, FASILD",Parti socialiste,,,,
Laurence Tartour,people,Conseillère fonction publique territoriale et finances locales,Action comptes publics,,,,,,,
Laurent Cellier,people,Conseiller stratégies et transformations,Sports,,"Fédération Française d'Equitation, Conseil régional d'Auvergne",,,,,
Laurent Habert,people,Conseiller budgétaire et finances sociales,Santé,,Caisse autonome nationale de la sécurité sociale dans les mines,Les Républicains,,,,
Laurent Hottiaux,people,"Conseiller intérieur, sécurité",Présidence,"ENA (Averroès), ESSEC",Commission européenne,Les Républicains,,,,
Laurent Martel,people,Conseiller fiscalité et prélèvements obligatoires,Premier Ministre,"Sciences Po Paris, ENA",,Parti socialiste,,,,
Laurent Nuñez,people,Secrétaire d’État auprès du ministre de l’Intérieur,Intérieur,ENA,Direction générale des collectivités locales,,,,,
Le Siècle,organization,,,,,,,"114, 115, 427",,
Léa Roussarie,people,Conseillère parlementaire et relations avec les élus,Cohésion des Territoires,,"Comfluence, Boury Tallon & Associés, BNP Paribas",Union des démocrates et indépendants,,,,
Leïla Derouich,people,Conseillère en charge des médias et des industries culturelles,Culture,ENA (promotion Jean-Jacques Rousseau),CSA,,,,,
Léo Cohen,people,"Conseiller spécial, chargé des affaires politiques, du Parlement et de la société civile",Transition écologique et solidaire,,,"Parti socialiste, Europe Écologie Les Verts ",Judaïsme,,,
Léo Finkel,people,Conseiller presse et communication,Transition écologique et solidaire,,Havas,Parti socialiste,Judaïsme,,,Pas sûr pour socialiste
Les Gracques,organization,,,,,,,,,
LICRA,organization,,,,,,,,,
Lionel Choukroun,people,"Chef de cabinet, conseiller politique et affaires réservées",Porte-parole du gouvernement,,"Alstom, France Télévisions",,Judaïsme,,,Homosexuel
Lionel Lavergne,people,Groupe de Sécurité du Président de la République,Présidence,,,,,,,
Louis Jublin,people,"Conseiller communication, en charge des relations avec le Parlement",Éducation nationale,,"Albera Conseil, Havas",Les Républicains,,,,
Lucie Muniesa,people,Directrice du cabinet,Culture,,"Radio France, Agence des participations de l'Etat",Parti socialiste,,,,
Ludovic Guillot,people,"Conseiller en charge de la communication, des relations avec la presse et des relations institutionnelles",Culture,,,Les Républicains,,,,
Luis Vassy,people,Directeur adjoint de cabinet,Affaires étrangères,"ENA, Sciences Po Paris",,Parti socialiste,,415,,
Maëlle Charreau,people,Chef de cabinet,Transition écologique et solidaire,Sciences Po Paris,"The Boston Consulting Group, Danone, EY, Sanofi",,,,,
Magali Charbonneau,people,Directrice adjointe du cabinet,Intérieur,"ENA, ESSEC",,Parti socialiste,,,,
Magali Valente,people,Conseillère fiscalité et chargée des relations avec le Parlement,Économie,,CSA,Les Républicains,,,,
Malo Carton,people,Conseiller entreprises et participations de l'État,Économie,"Polytechnique, Corps des Mines","Agence des Participations de l'Etat, Alstom",,,,,
Manon Perrière,people,Conseillère juridique,Action comptes publics,"Sciences Po Paris, ENS, ENA",,,,,,
Marc Chappuis,people,Directeur adjoint du cabinet,Cohésion des Territoires,Sciences Po Paris,,,,,,
Marc Ferracci,people,Conseiller spécial auprès de la ministre,Travail,"HEC, Sciences Po Paris",,,,,,
Marc Fesneau,people,"Ministre auprès du Premier ministre, chargé des Relations avec le Parlement",Relations avec le Parlement,,,Mouvement démocrate,,,,
Marc Papinutti,people,Directeur de cabinet,Transports,,,,,,,
Margaux Bergeon-Dars,people,"Conseillère Europe continentale, Nations unies et organisations internationales, affaires juridiques et consulaires",Affaires étrangères,"ENS, Sciences Po Paris",,,,,,
Margaux Bonneau,people,Conseillère parlementaire,Santé,Sciences Po Paris,SNCF,Union des démocrates et indépendants,,,,
Margaux Pech,people,"Conseillère parlementaire, chef adjointe de cabinet",Sports,,"Swatch, Coca-Cola",,,,,
Marguerite Cazeneuve,people,Conseillère technique protection sociale et comptes sociaux,Premier Ministre,HEC,McKinsey & Company,Parti socialiste,,,,
Marianne Lucidi,people,"Conseillère technique fonction publique, réforme de l'État",Premier Ministre,"Sciences Po Paris, ENS, ENA",,,,,,
Marie Argouarc'h,people,Chef de cabinet ,Santé,ENA,Commission européenne,,,,,
Marie Audouard,people,"Conseillère technique Afrique, relations bilatérales",Présidence,"ENA, Sciences Po Paris",,,,,,
Marie Daudé,people,Directrice du cabinet et directrice adjointe du cabinet,Santé,"ENA, Sciences Po Paris","Inspection Generale des Affaires Sociales, Cour des comptes",,,,,
Marie Dousset,people,Conseillère parlementaire,Relations avec le Parlement,,France Télévisions,Union des démocrates et indépendants,,,,
Marie Dutertre,people,Conseillère parlementaire,Éducation nationale,Sciences Po Paris,"Groupe Casino, APCO Worldwide",Parti socialiste,,,,
Marie Fontanel,people,Conseillère solidarités et santé,Présidence,"ENA (promotion Léopold Sédar Senghor), HEC",Musée du quai Branly,,,,,
Marie Francolin,people,Conseillère communication et presse,Enseignement supérieur,Sciences Po Paris,"Commission européenne, OCDE, Mairie de Paris",Parti socialiste,,,,
Marie Reynier,people,"Conseillère éducation, enseignement supérieur, jeunesse et sports (chef de pôle)",Premier Ministre,,Arts et Métiers ParisTech,,,,,
Marlène Schiappa,people,"Secrétaire d'État auprès du Premier ministre, chargée de l'Égalité entre les femmes et les hommes et de la Lutte contre les discriminations",Égalité Femmes Hommes,,"Yahoo!, Havas, Bondy Blog, Lagardère",Parti socialiste,,,,
Martin Briens,people,Directeur du cabinet civil et militaire,Ministère des armées,"ENA, Sciences Po Paris",,Parti socialiste,,,,
Martin Guespereau,people,Directeur adjoint du cabinet,Cohésion des Territoires,"Polytechnique, MIT",,Les Républicains,,,,
Mathias Ginet,people,"Conseiller politique agricole commune 2014-2020, filières végétales, climat et biodiversité",Agriculture,"Sciences Po Paris, ENS, ENA (promotion Jean Zay)","Air Liquide, OMC, Alternatives Economiques",,,,,
Mathias Ott,people,Chef de cabinet,Intérieur,,,Parti socialiste,,,,
Mathieu Ara,people,Chef de cabinet,Ministère des armées,,,,,,,
Mathieu Hérondart,people,Directeur du cabinet,Justice,"ENA, HEC",,Les Républicains,,,,
Mathieu Lefevre,people,Conseiller en charge des relations avec le Parlement,Action comptes publics,,,Les Républicains,,,,
Mathieu Pontécaille,people,"Conseiller spécial, chargé de la stratégie communication et de la presse",Égalité Femmes Hommes,,,Parti socialiste,,,,
Matthias Grolier,people,"Conseiller en charge des affaires internationales, de la langue française et de la francophonie, du livre et de la lecture",Culture,HEC,"Gide Loyrette Nouel, Jones Day, Morgan, Lewis & Bockius",,,,,
Matthieu Ellerbach,people,"Conseiller presse, communication et relations avec la société civile",Affaires européennes,Sciences Po Paris,Brunswick Group,Les Républicains,,,,
Matthieu Lahaye,people,"Conseiller discours, mémoire, culture, langues régionales",Éducation nationale,,,,,,,
Matthieu Philippot,people,"Conseiller questions financières, budgétaires et économiques",Affaires européennes,"Mines ParisTech, Sciences Po Paris, LSE","Direction générale du Trésor, BNP Paribas, Banque de France, Inspection Generale des Finances, Orano",,,,,
MEDEF,organization,,,,,,,,,
Mélanie Villiers,people,Conseillère technique collectivités territoriales et aménagement du territoire,Premier Ministre,ENA,Commission européenne,,,,,
Mélusine Binder,people,Conseillère en charge des relations avec la presse,Intérieur,,,Parti socialiste,,,,
Mickaël Benzaqui,people,Conseiller,Santé,,Fédération Nationale des Etablissements d'Hospitalisation à Domicile,,Judaïsme,,,
Mohamed Hamrouni,people,Chef adjoint de cabinet,Premier Ministre,,"TF1, Gemalto",Les Républicains,,,,Islam
Mounir Mahjoubi,people,"Secrétaire d'État auprès du ministre de l’Économie et des Finances et du ministre de l’Action et des Comptes publics, chargé du Numérique",Numérique,Sciences Po Paris,Conseil National du Numerique,Parti socialiste,,,,"Islam, Homosexuel"
Muriel Pénicaud,people,Ministre du travail,Travail,,"Business France, Danone, Dassault Systèmes",Parti socialiste,,368,,
Myriam Pavageau,people,"Conseillère affaires stratégiques, Asie",Affaires étrangères,Sciences Po Paris,,,,,,
Naïl Bouricha,people,Conseiller chargé de la prospective et de l’attractivité du droit,Justice,,,,,,,
Nathalie Barbe,people,"Conseillère en charge des filières animales, de la forêt et de la performance économique des entreprises agricoles et agroalimentaires ",Agriculture,,,,,,,
Nathalie Cantan,people,Conseillère Europe et Afrique,Ministère des armées,,DGRIS,,,,,
Nathalie Fortis,people,Conseillère en charge de la communication et des relations avec la presse,Affaires étrangères,,,,,,,
Nathalie Lhayani,people,Conseillère Europe,Transition écologique et solidaire,,"Commission européenne, Caisse des Dépôts, EurActiv.fr",Parti socialiste,,,,
Nathalie Loiseau,people,"Ministre auprès du ministre de l'Europe et des Affaires étrangères, chargée des Affaires européennes",Affaires européennes,"Sciences Po Paris, ENA",,Les Républicains,,,,
Nathanaël Mason-Schuler,people,Conseiller technique financement de l'économie et investissements,Premier Ministre,"Sciences Po Paris, ENA (promotion Jean-Jacques Rousseau), Harvard",Institut de l'Entreprise,,,,,
Nicolas Castoldi,people,Directeur adjoint du cabinet,Enseignement supérieur,"Sciences Po Paris, ENS",CNRS,Les Républicains,,,,
Nicolas Escoulan,people,Directeur de cabinet ,Porte-parole du gouvernement,,"TF1, Canal+, Europe 1",,,,,
Nicolas Gaudemet,people,Directeur de cabinet adjoint,Numérique,"Polytechnique, Stanford","Fnac, Orange",,,,,
Nicolas Jegou,people,Conseiller technique Europe,Présidence,Polytechnique,"Commission européenne, Direction générale du Trésor, INSEE, Agence Française de Développement",,,,,
Nicole Belloubet,people,"Garde des sceaux, ministre de la justice",Justice,,,Parti socialiste,,,,
Nicole Klein,people,Directrice du cabinet,Transition écologique et solidaire,ENA (promotion Fernand Braudel),Banque Mondiale,Parti socialiste,,,,
Nolwenn Chouffot,people,Chargée de mission auprès des conseillers pour les affaires intérieures,Premier Ministre,,,,,,,
Olivier Alexanian,people,Conseiller presse et communication,Transition écologique et solidaire,Sciences Po Paris,,,,,,
Olivier Alleman,people,Conseiller presse et communication,Agriculture,,"France Télévision, Europe 1",,,,,
Olivier Bouchery,people,"Conseiller spécial, politiques publiques territoriales, outre-mer",Cohésion des Territoires,Sciences Po Paris,"L'Oréal, EADS",Les Républicains,,,,
Olivier Courson,people,"Conseiller culture, communication, régulation numérique (chef de pôle)",Premier Ministre,ENA,Canal+,Parti socialiste,,,,
Olivier Decottignies,people,"Conseiller Afrique du Nord, Moyen-Orient",Affaires étrangères,"ENS, Sciences Po Paris, EHESS",,,,,,
Olivier Dussopt,people,Secrétaire d’État auprès du ministre de l’Action et des Comptes publics,Action comptes publics,,,Parti socialiste,,,,
Olivier Gerstlé,people,"Conseiller en charge de la communication, responsable du pôle communication",Intérieur,,,Parti socialiste,,,,
Pascal Confavreux,people,Conseiller technique diplomatie économique,Premier Ministre,"Sciences Po Paris, ENS, ENA",Groupe ADP,,,,,
Patrice Fondin,people,"Conseiller éducation, formation et enseignement supérieur",Handicapés,,,,,,,
Patrice Ivon,people,Conseiller en charge des mutations économiques et de la santé au travail,Travail,,BPI group,Parti socialiste,,,,
Patricia Jannin,people,Ressources Humaines et Finances,Présidence,,,,,,,
Patrick Strzoda,people,Directeur de cabinet,Présidence,ENA (promotion Léonard de Vinci),,Parti socialiste,,,,
Pauline Calmès,people,Presse,Présidence,,"BNP Paribas, Fédération Française de l'Assurance, Institut de l'entreprise",,,,,
Pauline Hodille,people,Conseillère en charge des comptes sociaux,Action comptes publics,,,,,,,
Pauline Malet,people,Conseillère collectivités et institutions locales,Cohésion des Territoires,,,Parti socialiste,,,,
Pauline Pannier,people,"Conseillère libertés publiques, culte, asile, immigration et intégration",Intérieur,ENA,Conseil d’État,,,,,
Perrine Dufoix,people,Conseillère presse et communication,Éducation nationale,,,Les Républicains,,,,
Philippe Baptiste,people,Directeur du cabinet,Enseignement supérieur,,"Total, CNRS",,,,,
Philippe Court,people,Directeur de cabinet,Cohésion des Territoires,Polytechnique,,Les Républicains,,,,
Philippe Étienne,people,"Conseiller diplomatique, sherpa G7 et G20",Présidence,"ENA (promotion Voltaire), ENS",,,,,,
Pierre de Bousquet,people,Coordonnateur national du renseignement et de la lutte contre le terrorisme,Présidence,,"Direction de la Surveillance du territoire, Civipol Conseil",Les Républicains,,,,
Pierre Manenti,people,"Conseiller parlementaire, collectivités territoriales et contrats de transition écologique",Transition écologique et solidaire,,"CliMates, UNFCCC, France Stratégie, Commission européenne",Les Républicains,,,,
Pierre Regnault de La Mothe,people,Conseiller technique affaires intérieures,Premier Ministre,ENA,,Les Républicains,,,,
Pierre Vandier,people,Chef du cabinet militaire,Ministère des armées,,Marine Nationale,,,,,
Pierre-André Imbert,people,Conseiller Social,Présidence,,"Inspection des finances, Alixio, Altedia",Parti socialiste,,,,
Pierre-Jean Le Mauff,people,"Conseiller en charge de la communication, presse et opinion",Action comptes publics,,"Taddeo, Tilder, IFOP, RFF",,,,,
Pierre-Olivier Costa,people,Conseiller spécial,Présidence,,,,,,,
Quentin Lafay,people,Conseiller Prospective,Présidence,,,,,,,
Rachel Chane-See-Chu,people,Conseillère logement et politiques sociales du logement,Cohésion des Territoires,,SNCF,,,,,
Raphaël Muller,people,Directeur adjoint du cabinet,Éducation nationale,"Sciences Po Paris, ENS",ESSEC,Les Républicains,,,,
Raphaële Rabatel,people,"Conseillère spéciale, chargée de la communication",Handicapés,Sciences Po Paris,"Gaz de France, JCDecaux, Caisse d'épargne, BNP Paribas, Sanofi",,,,,
Raphaëlle Séguin,people,"Conseillère chargée du budget, de l'investissement public, du logement, du développement territorial et des infrastructures maritimes",Outre-Mer,,,,,,,Aucune information
Raymond Le Moign,people,Directeur du cabinet,Santé,,Haute Autorité de santé,Parti socialiste,,,,
Rebecca Peres,people,Conseillère parlementaire,Présidence,,,Parti socialiste,,,,
Rémi Bastille,people,Conseiller chargé des affaires régaliennes ,Outre-Mer,ENA,,Parti socialiste,,,,
Renaud Duplay,people,Directeur du cabinet,Cohésion des Territoires,ENS,"Direction du Budget, FMI, Eurazeo",,,,,
Rodolphe Legendre,people,Conseiller développement et innovation,Sports,,,,,,,
Rodrigue Furcy,people,Chef de cabinet adjoint,Présidence,ENA,Mairie de Paris,,,,,
Rose-Marie Minault,people,Décorations,Présidence,,,,,,,
Roxana Maracineanu,people,Ministre des sports,Sports,,,Parti socialiste,,,,
Sandra Reviriego,people,"Conseillère parlementaire, chargée des associations",Outre-Mer,,Conseil Régional Ile de France,Parti socialiste,,,,
Sandrine Gaudin,people,Conseillère Europe (chef de pôle),Premier Ministre,,,,,,,
Sarah Finkelstein,people,Conseillère attractivité et consommation,Économie,"Sciences Po Paris, ENA (promotion Jean de la Fontaine), ESSEC",Direction générale du Trésor,Les Républicains,Judaïsme,,,
Sébastien Bécoulet,people,Conseiller politique de la ville et hébergement d'urgence,Cohésion des Territoires,ENA,,,,,,
Sébastien Guérémy,people,Conseiller industrie et innovation,Économie,"Polytechnique, Corps des Mines","Agence des Participations de l'Etat, SNCF, Air France",,,,,
Sébastien Lecornu,people,"Ministre auprès de la ministre de la Cohésion des territoires et des Relations avec les collectivités territoriales, chargé des Collectivités territoriales",Cohésion des Territoires,ENA,Gendarmerie Nationale,Les Républicains,,,,
Sébastien Moreau,people,Chef de cabinet,Sports,,,Parti socialiste,,,,
Ségolène Redon,people,Conseillère technique presse,Premier Ministre,,Havas,,,,,
Sibeth Ndiayes,people,Conseillère presse et communication,Présidence,,LMDE,Parti socialiste,,,,
Simon Fetet,people,"Conseiller budget, administration territoriale de l'État",Intérieur,"Sciences Po Paris, ENA (promotion Aristide Briand)","Cour des comptes, Crédit mutuel",,,,,Origine du nom ?
Skander Karaa,people,Conseiller spécial,Sports,,Comité National Olympique et Sportif Français,Parti socialiste,,,,
Soazig de La Moissonnière,people,Photos,Présidence,,Tilder,Mouvement démocrate,,,,
Sonya Djemni-Wagner,people,Conseillère Justice,Présidence,,,Parti socialiste,,,,
Sophie Cluzel,people,"Secrétaire d'État auprès du Premier ministre, chargée des Personnes handicapées",Handicapés,,,,,,,
Sophie Lagoutte,people,Directrice-adjointe de cabinet,Affaires européennes,Sciences Po Paris,,,,,,
Sophie-Dorothée Duron,people,"Conseillère en charge de la biodiversité, de l’eau et de la mer",Transition écologique et solidaire,,,,,,,
Soraya Hamrioui,people,"Conseillère budgétaire, finances",Cohésion des Territoires,,,Parti socialiste,,,,
Soria Blatmann,people,"Conseillère technique droits humains, francophonie, rayonnement culturel, société civile",Présidence,ENS,"Mairie de Paris, AIDES, Reporters sans frontières RSF",Parti socialiste,Judaïsme,,,
SOS Racisme,organization,,,,,,,,,
Stanislas Cazelles,people,Conseiller outre-mer,Présidence,"ENA (promotion Léopold Sédar Senghor), Sciences Po Paris",,Les Républicains,,,,
Stanislas Verpoort,people,Intendance,Présidence,,Marine Nationale,,,,,
Stéphane Bouillon,people,Directeur du cabinet,Intérieur,"Sciences Po Paris, ENA (promotion Louise Michel)",,,,,,
Stéphane Sejourné,people,Conseiller Politique,Présidence,,"L'Alliance 7, Mairie de Paris",Parti socialiste,,,,
Stéphanie Lozano,people,Chef de cabinet,Égalité Femmes Hommes,,,Parti socialiste,,,,
Stéphanie Rismont-Wargnier,people,Conseillère presse et communication,Travail,,"Kronenbourg, Danone",Parti socialiste,,,,
Stephen Marchisio,people,Conseiller technique affaires stratégiques,Premier Ministre,,,,,,,
Sylvain Fort,people,"Conseiller discours, Mémoire",Présidence,ENS,BNP Paribas,,,,,
Sylvain Laval,people,Chef de cabinet,Justice,,,Parti socialiste,,,,
Sylvie Corréard,people,Conseillère technique culture et communication,Premier Ministre,,"DIRE, Fémis",Parti socialiste,,,,
Terra Nova,organization,,,,,,,,,
Thibaud Normand,people,Conseiller technique énergie,Présidence,"Polytechnique, Corps des Mines","Total, Renault",,,,,
Thibault Leclerc,people,Chef de cabinet,Transition écologique et solidaire,,Musée du Louvre,Parti socialiste,,,,
Thibaut de Vanssay de Blavous,people,Conseiller social,Ministère des armées,Sciences Po Paris,,,,,,
Thierry Coulhon,people,"Conseiller enseignement supérieur, recherche et innovation",Présidence,,,Les Républicains,,,,
Thierry Ledroit,people,Conseiller territoires et politiques interministérielles,Éducation nationale,,,,,,,
Thomas Brisson,people,Directeur adjoint du cabinet,Égalité Femmes Hommes,,IFRI,Parti socialiste,,,,
Thomas Degos,people,Directeur de cabinet,Outre-Mer,ENA,,Les Républicains,,,,
Thomas Fatome,people,Directeur adjoint de cabinet,Premier Ministre,"ENA (promotion Averroès), HEC",Sécurité Sociale,Les Républicains,,,,
Thomas Godmez,people,Conseiller parlementaire,Relations avec le Parlement,Sciences Po Paris,,Parti socialiste,,,,
Thomas Hartog,people,Conseiller parlementaire,Affaires européennes,,Vae Solis Corporate,Parti socialiste,,,,
Thomas Lesueur,people,Directeur adjoint du cabinet,Transition écologique et solidaire,,,,,,,
Thomas Lombes,people,Conseiller technique recherche innovation,Premier Ministre,"ENS, Polytechnique, Corps des mines","Orano, Oxford University",,,,,
Thomas Revial,people,Directeur adjoint du cabinet,Économie,"Polytechnique, ENA","Direction générale du Trésor, France Stratégie, Inspection des finances, Banque mondiale, Conseil de l'Union européenne",,,,,
Thomas Roche,people,"Conseiller en charge de la pêche, de l'outre-mer et du financement de l'agriculture",Agriculture,,,,,,,
Thomas Rossignol,people,Conseiller diplomatique,Transition écologique et solidaire,"HEC, Sciences Po Paris","UNDP, Les Restos du Cœur, Marine Nationale",Parti socialiste,,,,
Thomas Velter,people,"Chef de cabinet, conseiller auprès du ministre",Culture,,Havas,Les Républicains,,,,
Tristan Barrès,people,Conseiller technique logement,Premier Ministre,,,Parti socialiste,,,,
UNEF,organization,,,,,,,,,
Valérie Mazeau-Woynar,people,Conseillère,Santé,,"INSERM, Institut national du cancer",,,,,
Valéry Putz,people,Adjoint au chef de l’état-major particulier,Présidence,,,,,,,
Véronique Le Goff,people,Conseillère communication et presse,Affaires étrangères,,"Havas, Groupama",Parti socialiste,,,,
Victoire Ract-Madoux,people,"Conseillère questions diplomatiques, institutionnelles et relatives à la justice et aux affaires intérieures",Affaires européennes,Sciences Po Paris,,,,,,
Victor Pace,people,Conseiller technique presse,Premier Ministre,LSE,"Brunswick Group, AXA",,,,,
Victor Schmidt,people,Chef de cabinet,Cohésion des Territoires,,,Parti socialiste,,445,,
Vincent Minguet,people,Aide de camp,Présidence,,,,,,,
Vincent Stanek,people,Conseiller affaires pédagogiques,Éducation nationale,ENS,,,,,,
Virginie Magnant,people,Directrice de cabinet,Handicapés,"Sciences Po Paris, ENA (promotion Valmy)",,Les Républicains,,,,
WWF,organization,,,,,,,,,
Xavier Brunetière,people,Conseiller outre-mer (adjoint au chef de pôle),Premier Ministre,"Sciences Po Paris, ENA",,Les Républicains,,,,
Xavier Chatel de Brancion,people,Conseiller diplomatique,Ministère des armées,ENA (promotion Léopold Sédar Senghor),,,,,,
Xavier Chinaud,people,Conseiller relations politiques et relations avec les élus (chef de pôle),Premier Ministre,,ESL & Network,"Démocratie Libérale, Les Républicains",,,,
Xavier Geoffroy,people,Chef de Cabinet,Travail,,"Française des jeux, Conseil Régional Ile de France",Parti socialiste,,,,
Xavier Ploquin,people,"Conseiller énergie, industrie, innovation",Transition écologique et solidaire,Polytechnique,"Direction générale du Trésor, Total, BNP Paribas",,,,,
Yann Battefort,people,Chef de cabinet,Affaires européennes,,,,,,,
Yann Bubien,people,"Directeur adjoint de cabinet, santé",Santé,,,Les Républicains,,,,
Yann Drouet,people,Secrétaire général,Présidence,,,,,,,
Yannick Desbois,people,Aide de camp,Présidence,,,,,,,
Yedidia Levy-Zauberman,people,"Chef de cabinet, conseiller diplomatique, chargé des start-up",Enseignement supérieur,Sciences Po Paris,"Mairie de Paris, Natixis, Deloitte, Dahlia Partners",Parti socialiste,Judaïsme,445,,
Yoann La Corte,people,"Conseiller en charge de l'aérien, du budget et du transport maritime",Transports,,,,,,,
Yolaine Proult,people,Conseillère innovation publique et inclusion numérique,Numérique,Sciences Po Paris,"BETC, Pepsi",,,,,
Yves-Marie Cann,people,Conseiller presse et communication,Économie,,"ELABE, CSA, IFOP",,,,,
Zélia Césarion,people,Conseillère presse,Premier Ministre,,,Les Républicains,,,,